{"#1_Turbine_Motor_Side_Pressure": {"q1": -37.2, "q2": -35.50000000000001, "q3": -31.87, "q4": -19.285000000000007}, "#1_Turbine_Free_Side_Pressure": {"q1": -38.99, "q2": -36.385000000000005, "q3": -34.1, "q4": -26.54000000000001}, "#1_Turbine_Negative_Pressure": {"q1": -37.21, "q2": -35.82, "q3": -34.27, "q4": -27.22}, "#1_Turbine_Negative_Pressure.1": {"q1": 86.5, "q2": 90.0, "q3": 92.0, "q4": 94.0}, "#1_Turbine_Main_Motor_Current": {"q1": 64.5, "q2": 70.91999999999999, "q3": 77.2, "q4": 96.49}, "#1_Vacuum_Pump_Motor_Side_Vibration": {"q1": 14.05, "q2": 16.54, "q3": 16.83, "q4": 22.07}, "#1_Vacuum_Pump_Free_Side_Vibration": {"q1": 6.4, "q2": 6.9, "q3": 7.889999999999999, "q4": 11.025}, "#2_Turbine_Motor_Side_Pressure": {"q1": -49.6125, "q2": -48.79, "q3": -32.65, "q4": -13.620000000000005}, "#2_Turbine_Free_Side_Pressure": {"q1": -62.31999999999999, "q2": -61.56, "q3": -49.19, "q4": -31.329999999999988}, "#2_Turbine_Negative_Pressure": {"q1": -56.06999999999999, "q2": -55.260000000000005, "q3": -40.93, "q4": -22.285}, "#2_Turbine_Negative_Pressure.1": {"q1": 72.0, "q2": 88.0, "q3": 89.0, "q4": 90.0}, "#2_Turbine_Main_Motor_Current": {"q1": 37.6, "q2": 52.35999999999999, "q3": 55.532500000000006, "q4": 66.12}, "#2_Vacuum_Pump_Motor_Side_Vibration": {"q1": 1.57, "q2": 1.6, "q3": 1.61, "q4": 1.6550000000000002}, "#2_Vacuum_Pump_Free_Side_Vibration": {"q1": 17.66, "q2": 19.36, "q3": 21.12, "q4": 23.8}, "#3_Turbine_Motor_Side_Pressure": {"q1": -59.09, "q2": -57.16, "q3": -54.77, "q4": -45.54499999999999}, "#3_Turbine_Free_Side_Pressure": {"q1": -43.23, "q2": -42.4, "q3": -41.43, "q4": -37.41499999999999}, "#3_Turbine_Negative_Pressure": {"q1": -51.222500000000004, "q2": -49.8, "q3": -48.39, "q4": -41.83999999999999}, "#3_Turbine_Negative_Pressure.1": {"q1": 89.0, "q2": 91.0, "q3": 93.0, "q4": 95.0}, "#3_Turbine_Main_Motor_Current": {"q1": 78.55, "q2": 82.435, "q3": 86.30999999999999, "q4": 97.14}, "#3_Vacuum_Pump_Motor_Side_Vibration": {"q1": 0.6, "q2": 0.6, "q3": 0.7, "q4": 0.8}, "#3_Vacuum_Pump_Free_Side_Vibration": {"q1": 12.75, "q2": 13.74, "q3": 14.73, "q4": 17.735}, "#4_Turbine_Free_Side_Pressure": {"q1": -51.2, "q2": -49.6, "q3": -46.760000000000005, "q4": -43.08499999999998}, "#4_Turbine_Negative_Pressure": {"q1": -51.2, "q2": -49.6, "q3": -46.760000000000005, "q4": -43.08499999999998}, "#4_Turbine_Negative_Pressure.1": {"q1": 100.0, "q2": 100.0, "q3": 100.0, "q4": 100.0}, "#4_Turbine_Main_Motor_Current": {"q1": 74.51, "q2": 79.92, "q3": 87.75, "q4": 94.35}, "#4_Vacuum_Pump_Motor_Side_Vibration": {"q1": 12.29, "q2": 12.329999999999997, "q3": 13.12, "q4": 14.355}, "#4_Vacuum_Pump_Free_Side_Vibration": {"q1": 2.53, "q2": 2.7, "q3": 3.06, "q4": 3.894999999999999}}