{"#1_Turbine_Motor_Side_Pressure": {"q1": -37.5, "q2": -36.0, "q3": -34.0, "q4": -26.399999999999995}, "#1_Turbine_Free_Side_Pressure": {"q1": -38.0, "q2": -36.3, "q3": -34.4, "q4": -29.000000000000004}, "#1_Turbine_Negative_Pressure": {"q1": -37.3, "q2": -36.1, "q3": -34.8, "q4": -28.69999999999999}, "#1_Turbine_Negative_Pressure.1": {"q1": 88.0, "q2": 90.0, "q3": 92.0, "q4": 94.0}, "#1_Turbine_Main_Motor_Current": {"q1": 65.2, "q2": 71.1, "q3": 77.9, "q4": 101.1}, "#1_Vacuum_Pump_Motor_Side_Vibration": {"q1": 14.4, "q2": 16.7, "q3": 17.7, "q4": 23.25}, "#1_Vacuum_Pump_Free_Side_Vibration": {"q1": 6.1, "q2": 6.6, "q3": 7.5, "q4": 9.6}, "#2_Turbine_Motor_Side_Pressure": {"q1": -49.5, "q2": -38.5, "q3": -34.2, "q4": -15.09999999999999}, "#2_Turbine_Free_Side_Pressure": {"q1": -62.3, "q2": -54.9, "q3": -50.4, "q4": -33.8}, "#2_Turbine_Negative_Pressure": {"q1": -56.0, "q2": -46.7, "q3": -42.3, "q4": -24.09999999999999}, "#2_Turbine_Negative_Pressure.1": {"q1": 72.0, "q2": 73.0, "q3": 89.0, "q4": 90.0}, "#2_Turbine_Main_Motor_Current": {"q1": 39.1, "q2": 45.6, "q3": 55.5, "q4": 76.0}, "#2_Vacuum_Pump_Motor_Side_Vibration": {"q1": 1.5, "q2": 1.6, "q3": 1.6, "q4": 1.7500000000000002}, "#2_Vacuum_Pump_Free_Side_Vibration": {"q1": 16.8, "q2": 18.6, "q3": 21.1, "q4": 23.9}, "#3_Turbine_Motor_Side_Pressure": {"q1": -59.4, "q2": -57.5, "q3": -55.3, "q4": -46.05000000000001}, "#3_Turbine_Free_Side_Pressure": {"q1": -43.3, "q2": -42.7, "q3": -41.7, "q4": -37.44999999999999}, "#3_Turbine_Negative_Pressure": {"q1": -51.3, "q2": -50.1, "q3": -48.7, "q4": -41.89999999999999}, "#3_Turbine_Negative_Pressure.1": {"q1": 90.0, "q2": 92.0, "q3": 93.0, "q4": 97.0}, "#3_Turbine_Main_Motor_Current": {"q1": 77.7, "q2": 82.2, "q3": 86.8, "q4": 98.7}, "#3_Vacuum_Pump_Motor_Side_Vibration": {"q1": 0.6, "q2": 0.6, "q3": 0.7, "q4": 0.8}, "#3_Vacuum_Pump_Free_Side_Vibration": {"q1": 12.7, "q2": 13.4, "q3": 14.5, "q4": 17.8}, "#4_Turbine_Free_Side_Pressure": {"q1": -51.0, "q2": -48.3, "q3": -46.8, "q4": -41.95}, "#4_Turbine_Negative_Pressure": {"q1": -51.0, "q2": -48.3, "q3": -46.8, "q4": -41.95}, "#4_Turbine_Negative_Pressure.1": {"q1": 100.0, "q2": 100.0, "q3": 100.0, "q4": 100.0}, "#4_Turbine_Main_Motor_Current": {"q1": 74.9, "q2": 81.8, "q3": 87.5, "q4": 100.8}, "#4_Vacuum_Pump_Motor_Side_Vibration": {"q1": 12.3, "q2": 12.3, "q3": 13.1, "q4": 14.299999999999995}, "#4_Vacuum_Pump_Free_Side_Vibration": {"q1": 2.5, "q2": 2.6, "q3": 3.0, "q4": 4.0}}