{"2022-05": {"25": {"count": 594, "Hourly_Production_Avg": 40.72996632996633}, "26": {"count": 1439, "Hourly_Production_Avg": 38.180958999305076}, "27": {"count": 1029, "Hourly_Production_Avg": 36.64810495626823}, "29": {"count": 649, "Hourly_Production_Avg": 39.5326656394453}, "30": {"count": 1439, "Hourly_Production_Avg": 41.53266157053509}, "31": {"count": 1439, "Hourly_Production_Avg": 33.720430854760245}}, "2022-06": {"01": {"count": 1439, "Hourly_Production_Avg": 42.304933981931896}, "02": {"count": 823, "Hourly_Production_Avg": 38.688213851761844}, "28": {"count": 599, "Hourly_Production_Avg": 43.24691151919867}, "29": {"count": 1439, "Hourly_Production_Avg": 43.7950660180681}, "30": {"count": 1439, "Hourly_Production_Avg": 41.23530229325921}}, "2022-07": {"01": {"count": 1023, "Hourly_Production_Avg": 36.90185728250244}, "02": {"count": 1439, "Hourly_Production_Avg": 36.85350938151494}, "03": {"count": 1439, "Hourly_Production_Avg": 41.02522585128562}, "04": {"count": 1439, "Hourly_Production_Avg": 36.431063238359975}}, "2022-08": {"08": {"count": 1439, "Hourly_Production_Avg": 38.05621959694232}, "09": {"count": 1439, "Hourly_Production_Avg": 38.23314801945796}, "10": {"count": 1145, "Hourly_Production_Avg": 41.10882096069869}, "11": {"count": 1439, "Hourly_Production_Avg": 42.620847810979846}, "13": {"count": 1166, "Hourly_Production_Avg": 35.545626072041166}, "14": {"count": 1439, "Hourly_Production_Avg": 35.44760250173732}, "15": {"count": 1439, "Hourly_Production_Avg": 34.55288394718554}, "16": {"count": 712, "Hourly_Production_Avg": 36.138904494382025}, "17": {"count": 1439, "Hourly_Production_Avg": 18.56594857539958}, "18": {"count": 1439, "Hourly_Production_Avg": 42.14496177901321}, "19": {"count": 988, "Hourly_Production_Avg": 41.29301619433198}, "20": {"count": 637, "Hourly_Production_Avg": 40.80172684458398}, "21": {"count": 1439, "Hourly_Production_Avg": 17.355455177206395}, "23": {"count": 1072, "Hourly_Production_Avg": 38.64244402985075}, "24": {"count": 1439, "Hourly_Production_Avg": 29.782348853370397}}}